{
    "display": {
        "title": {
            "text": "Usefullfull Recipes",
            "color": "#DDEEFF"
        },
        "description": {
            "translate": "Add a lot of usefull recipes",
            "color": "#DDEEFF"
        },
        "icon": {
            "item": "warped_fungus_on_a_stick",
            "nbt": "{CustomModelData:170000}"
        },
        "announce_to_chat": false,
        "show_toast": false
    },
    "parent": "global:lthcthemaster",
    "criteria": {
        "trigger": {
            "trigger": "minecraft:tick"
        }
    },
    "rewards": {
        "recipes": [
            "minecraft:bundle",
            "minecraft:chain",
            "minecraft:chest",
            "minecraft:diamond_horse_armor",
            "minecraft:iron_horse_armor",
            "minecraft:golden_horse_armor",
            "minecraft:leather_horse_armor",
            "lthc.useffrcp:amethyst_cluster",
            "lthc.useffrcp:azalea",
            "lthc.useffrcp:bell",
            "lthc.useffrcp:blaze_rod",
            "lthc.useffrcp:brown_mushroom_block",
            "lthc.useffrcp:calcite",
            "lthc.useffrcp:chainmail_boots",
            "lthc.useffrcp:chainmail_chestplate",
            "lthc.useffrcp:chainmail_leggings",
            "lthc.useffrcp:chainmail_helmet",
            "lthc.useffrcp:chest_from_logs",
            "lthc.useffrcp:coal_block_from_bone_block_blasting",
            "lthc.useffrcp:coal_block_from_bone_block_smelting",
            "lthc.useffrcp:cobbled_deepslate",
            "lthc.useffrcp:copper_block_from_raw_copper_block_blasting",
            "lthc.useffrcp:copper_block_from_raw_copper_block_smelting",
            "lthc.useffrcp:iron_block_from_raw_iron_block_blasting",
            "lthc.useffrcp:iron_block_from_raw_iron_block_blasting",
            "lthc.useffrcp:gold_block_from_raw_gold_block_blasting",
            "lthc.useffrcp:gold_block_from_raw_gold_block_blasting",
            "lthc.useffrcp:cracked_nether_bricks_from_blasting",
            "lthc.useffrcp:cracked_polished_blackstone_bricks_from_blasting",
            "lthc.useffrcp:cracked_stone_bricks_from_blasting",
            "lthc.useffrcp:crying_obsidian",
            "lthc.useffrcp:deepslate",
            "lthc.useffrcp:deepslate_bricks",
            "lthc.useffrcp:deepslate_from_blasting",
            "lthc.useffrcp:deepslate_tiles",
            "lthc.useffrcp:enchanted_golden_apple",
            "lthc.useffrcp:flint_to_gravel",
            "lthc.useffrcp:flowering_azalea",
            "lthc.useffrcp:flowering_azalea_leaves",
            "lthc.useffrcp:glass_from_blasting",
            "lthc.useffrcp:grass_block",
            "lthc.useffrcp:gravel_to_flint",
            "lthc.useffrcp:green_dye_from_smoking",
            "lthc.useffrcp:large_amethyst_bud",
            "lthc.useffrcp:lime_dye_from_smoking",
            "lthc.useffrcp:medium_amethyst_bud",
            "lthc.useffrcp:moss_block",
            "lthc.useffrcp:mushroom_stem",
            "lthc.useffrcp:name_tag",
            "lthc.useffrcp:nether_brick_from_blasting",
            "lthc.useffrcp:obsidian_from_smelting",
            "lthc.useffrcp:obsidian_from_smoking",
            "lthc.useffrcp:podzol",
            "lthc.useffrcp:popped_chorus_fruit_from_smoking",
            "lthc.useffrcp:quartz_block_uncraft",
            "lthc.useffrcp:red_mushroom_block",
            "lthc.useffrcp:red_sand",
            "lthc.useffrcp:rooted_dirt",
            "lthc.useffrcp:saddle",
            "lthc.useffrcp:sculk_sensor",
            "lthc.useffrcp:simpliest_dispenser",
            "lthc.useffrcp:small_amethyst_bud",
            "lthc.useffrcp:smooth_quartz_from_blasting",
            "lthc.useffrcp:smooth_red_sandstone_from_blasting",
            "lthc.useffrcp:smooth_sandstone_from_blasting",
            "lthc.useffrcp:smooth_stone_from_blasting",
            "lthc.useffrcp:soul_sand",
            "lthc.useffrcp:soul_soil",
            "lthc.useffrcp:sponge_from_campfire_cooking",
            "lthc.useffrcp:sponge_from_smoking",
            "lthc.useffrcp:stick_from_logs",
            "lthc.useffrcp:stone_from_blasting",
            "lthc.useffrcp:tuff",
            "lthc.useffrcp:warped_wart_block",
            "lthc.useffrcp:wet_sponge"
        ]
    }
}